,Ensembler target id,Target sequence,UniProt entry name,Residue span (UniProt coords; 1-based),HGNC HUGO symbol,UniProt recommended name,UniProt domain description,Organism
0,ABL1_HUMAN_D0,ITMKHKLGGGQYGEVYEGVWKKYSLTVAVKTLKEDTMEVEEFLKEAAVMKEIKHPNLVQLLGVCTREPPFYIITEFMTYGNLLDYLRECNRQEVNAVVLLYMATQISSAMEYLEKKNFIHRDLAARNCLVGENHLVKVADFGLSRLMTGDTYTAHAGAKFPIKWTAPESLAYNKFSIKSDVWAFGVLLWEIATYGMSPYPGIDLSQVYELLEKDYRMERPEGCPEKVYELMRACWQWNPSDRPSFAEIHQAF,ABL1_HUMAN,242-493,ABL1,Tyrosine-protein kinase ABL1,Protein kinase,human
1,ABL2_HUMAN_D0,ITMKHKLGGGQYGEVYVGVWKKYSLTVAVKTLKEDTMEVEEFLKEAAVMKEIKHPNLVQLLGVCTLEPPFYIVTEYMPYGNLLDYLRECNREEVTAVVLLYMATQISSAMEYLEKKNFIHRDLAARNCLVGENHVVKVADFGLSRLMTGDTYTAHAGAKFPIKWTAPESLAYNTFSIKSDVWAFGVLLWEIATYGMSPYPGIDLSQVYDLLEKGYRMEQPEGCPPKVYELMRACWKWSPADRPSFAETHQAF,ABL2_HUMAN,288-539,ABL2,Abelson tyrosine-protein kinase 2,Protein kinase,human
2,ACK1_HUMAN_D0,LRLLEKLGDGSFGVVRRGEWDAPSGKTVSVAVKCLKPDVLSQPEAMDDFIREVNAMHSLDHRNLIRLYGVVLTPPMKMVTELAPLGSLLDRLRKHQGHFLLGTLSRYAVQVAEGMGYLESKRFIHRDLAARNLLLATRDLVKIGDFGLMRALPQNDDHYVMQEHRKVPFAWCAPESLKTRTFSHASDTWMFGVTLWEMFTYGQEPWIGLNGSQILHKIDKEGERLPRPEDCPQDIYNVMVQCWAHKPEDRPTFVALRDFL,ACK1_HUMAN,126-385,TNK2,Activated CDC42 kinase 1,Protein kinase,human
3,ALK_HUMAN_D0,ITLIRGLGHGAFGEVYEGQVSGMPNDPSPLQVAVKTLPEVCSEQDELDFLMEALIISKFNHQNIVRCIGVSLQSLPRFILLELMAGGDLKSFLRETRPRPSQPSSLAMLDLLHVARDIACGCQYLEENHFIHRDIAARNCLLTCPGPGRVAKIGDFGMARDIYRASYYRKGGCAMLPVKWMPPEAFMEGIFTSKTDTWSFGVLLWEIFSLGYMPYPSKSNQEVLEFVTSGGRMDPPKNCPGPVYRIMTQCWQHQPEDRPNFAIILERIEYCTQDPDV,ALK_HUMAN,1116-1392,ALK,ALK tyrosine kinase receptor,Protein kinase,human
4,BLK_HUMAN_D0,LRLVRKLGSGQFGEVWMGYYKNNMKVAIKTLKEGTMSPEAFLGEANVMKALQHERLVRLYAVVTKEPIYIVTEYMARGCLLDFLKTDEGSRLSLPRLIDMSAQIAEGMAYIERMNSIHRDLRAANILVSEALCCKIADFGLARIIDSEYTAQEGAKFPIKWTAPEAIHFGVFTIKADVWSFGVLLMEVVTYGRVPYPGMSNPEVIRNLERGYRMPRPDTCPPELYRGVIAECWRSRPEERPTFEFLQSVLEDFY,BLK_HUMAN,241-494,BLK,Tyrosine-protein kinase Blk,Protein kinase,human
5,BMX_HUMAN_D0,ITLLKELGSGQFGVVQLGKWKGQYDVAVKMIKEGSMSEDEFFQEAQTMMKLSHPKLVKFYGVCSKEYPIYIVTEYISNGCLLNYLRSHGKGLEPSQLLEMCYDVCEGMAFLESHQFIHRDLAARNCLVDRDLCVKVSDFGMTRYVLDDQYVSSVGTKFPVKWSAPEVFHYFKYSSKSDVWAFGILMWEVFSLGKQPYDLYDNSQVVLKVSQGHRLYRPHLASDTIYQIMYSCWHELPEKRPTFQQLLSSIEPLREKDKH,BMX_HUMAN,417-675,BMX,Cytoplasmic tyrosine-protein kinase BMX,Protein kinase,human
6,BTK_HUMAN_D0,LTFLKELGTGQFGVVKYGKWRGQYDVAIKMIKEGSMSEDEFIEEAKVMMNLSHEKLVQLYGVCTKQRPIFIITEYMANGCLLNYLREMRHRFQTQQLLEMCKDVCEAMEYLESKQFLHRDLAARNCLVNDQGVVKVSDFGLSRYVLDDEYTSSVGSKFPVRWSPPEVLMYSKFSSKSDIWAFGVLMWEIYSLGKMPYERFTNSETAEHIAQGLRLYRPHLASEKVYTIMYSCWHEKADERPTFKILLSNILDVM,BTK_HUMAN,402-655,BTK,Tyrosine-protein kinase BTK,Protein kinase,human
7,CSF1R_HUMAN_D0,LQFGKTLGAGAFGKVVEATAFGLGKEDAVLKVAVKMLKSTAHADEKEALMSELKIMSHLGQHENIVNLLGACTHGGPVLVITEYCCYGDLLNFLRRKAEAMLGPSLSPGQDPEGGVDYKNIHLEKKYVRRDSGFSSQGVDTYVEMRPVSTSSNDSFSEQDLDKEDGRPLELRDLLHFSSQVAQGMAFLASKNCIHRDVAARNVLLTNGHVAKIGDFGLARDIMNDSNYIVKGNARLPVKWMAPESIFDCVYTVQSDVWSYGILLWEIFSLGLNPYPGILVNSKFYKLVKDGYQMAQPAFAPKNIYSIMQACWALEPTHRPTFQQICSFL,CSF1R_HUMAN,582-910,CSF1R,Macrophage colony-stimulating factor 1 receptor,Protein kinase,human
8,CSK_HUMAN_D0,LKLLQTIGKGEFGDVMLGDYRGNKVAVKCIKNDATAQAFLAEASVMTQLRHSNLVQLLGVIVEEKGGLYIVTEYMAKGSLVDYLRSRGRSVLGGDCLLKFSLDVCEAMEYLEGNNFVHRDLAARNVLVSEDNVAKVSDFGLTKEASSTQDTGKLPVKWTAPEALREKKFSTKSDVWSFGILLWEIYSFGRVPYPRIPLKDVVPRVEKGYKMDAPDGCPPAVYEVMKNCWHLDAAMRPSFLQLREQLEHIKTHELH,CSK_HUMAN,195-449,CSK,Tyrosine-protein kinase CSK,Protein kinase,human
9,DDR1_HUMAN_D0,LRFKEKLGEGQFGEVHLCEVDSPQDLVSLDFPLNVRKGHPLLVAVKILRPDATKNARNDFLKEVKIMSRLKDPNIIRLLGVCVQDDPLCMITDYMENGDLNQFLSAHQLEDKAAEGAPGDGQAAQGPTISYPMLLHVAAQIASGMRYLATLNFVHRDLATRNCLVGENFTIKIADFGMSRNLYAGDYYRVQGRAVLPIRWMAWECILMGKFTTASDVWAFGVTLWEVLMLCRAQPFGQLTDEQVIENAGEFFRDQGRQVYLSRPPACPQGLYELMLRCWSRESEQRPPFSQLHRFL,DDR1_HUMAN,610-905,DDR1,Epithelial discoidin domain-containing receptor 1,Protein kinase,human
10,DDR2_HUMAN_D0,LTFKEKLGEGQFGEVHLCEVEGMEKFKDKDFALDVSANQPVLVAVKMLRADANKNARNDFLKEIKIMSRLKDPNIIHLLAVCITDDPLCMITEYMENGDLNQFLSRHEPPNSSSSDVRTVSYTNLKFMATQIASGMKYLSSLNFVHRDLATRNCLVGKNYTIKIADFGMSRNLYSGDYYRIQGRAVLPIRWMSWESILLGKFTTASDVWAFGVTLWETFTFCQEQPYSQLSDEQVIENTGEFFRDQGRQTYLPQPAICPDSVYKLMLSCWRRDTKNRPSFQEIHLLL,DDR2_HUMAN,563-849,DDR2,Discoidin domain-containing receptor 2,Protein kinase,human
11,EGFR_HUMAN_D0,FKKIKVLGSGAFGTVYKGLWIPEGEKVKIPVAIKELREATSPKANKEILDEAYVMASVDNPHVCRLLGICLTSTVQLITQLMPFGCLLDYVREHKDNIGSQYLLNWCVQIAKGMNYLEDRRLVHRDLAARNVLVKTPQHVKITDFGLAKLLGAEEKEYHAEGGKVPIKWMALESILHRIYTHQSDVWSYGVTVWELMTFGSKPYDGIPASEISSILEKGERLPQPPICTIDVYMIMVKCWMIDADSRPKFRELIIEFSKMARDPQRYL,EGFR_HUMAN,712-979,EGFR,Epidermal growth factor receptor,Protein kinase,human
12,EPHA1_HUMAN_D0,LMVDTVIGEGEFGEVYRGTLRLPSQDCKTVAIKTLKDTSPGGQWWNFLREATIMGQFSHPHILHLEGVVTKRKPIMIITEFMENGALDAFLREREDQLVPGQLVAMLQGIASGMNYLSNHNYVHRDLAARNILVNQNLCCKVSDFGLTRLLDDFDGTYETQGGKIPIRWTAPEAIAHRIFTTASDVWSFGIVMWEVLSFGDKPYGEMSNQEVMKSIEDGYRLPPPVDCPAPLYELMKNCWAYDRARRPHFQKLQAHLEQLL,EPHA1_HUMAN,624-884,EPHA1,Ephrin type-A receptor 1,Protein kinase,human
14,EPHA2_HUMAN_D0,VTRQKVIGAGEFGEVYKGMLKTSSGKKEVPVAIKTLKAGYTEKQRVDFLGEAGIMGQFSHHNIIRLEGVISKYKPMMIITEYMENGALDKFLREKDGEFSVLQLVGMLRGIAAGMKYLANMNYVHRDLAARNILVNSNLVCKVSDFGLSRVLEDDPEATYTTSGGKIPIRWTAPEAISYRKFTSASDVWSFGIVMWEVMTYGERPYWELSNHEVMKAINDGFRLPTPMDCPSAIYQLMMQCWQQERARRPKFADIVSILDKLI,EPHA2_HUMAN,613-875,EPHA2,Ephrin type-A receptor 2,Protein kinase,human
13,EPHA3_HUMAN_D0,ISIDKVVGAGEFGEVCSGRLKLPSKKEISVAIKTLKVGYTEKQRRDFLGEASIMGQFDHPNIIRLEGVVTKSKPVMIVTEYMENGSLDSFLRKHDAQFTVIQLVGMLRGIASGMKYLSDMGYVHRDLAARNILINSNLVCKVSDFGLSRVLEDDPEAAYTTRGGKIPIRWTSPEAIAYRKFTSASDVWSYGIVLWEVMSYGERPYWEMSNQDVIKAVDEGYRLPPPMDCPAALYQLMLDCWQKDRNNRPKFEQIVSILDKLI,EPHA3_HUMAN,621-882,EPHA3,Ephrin type-A receptor 3,Protein kinase,human
15,EPHA4_HUMAN_D0,IKIEKVIGVGEFGEVCSGRLKVPGKREICVAIKTLKAGYTDKQRRDFLSEASIMGQFDHPNIIHLEGVVTKCKPVMIITEYMENGSLDAFLRKNDGRFTVIQLVGMLRGIGSGMKYLSDMSYVHRDLAARNILVNSNLVCKVSDFGMSRVLEDDPEAAYTTRGGKIPIRWTAPEAIAYRKFTSASDVWSYGIVMWEVMSYGERPYWDMSNQDVIKAIEEGYRLPPPMDCPIALHQLMLDCWQKERSDRPKFGQIVNMLDKLI,EPHA4_HUMAN,621-882,EPHA4,Ephrin type-A receptor 4,Protein kinase,human
16,EPHA5_HUMAN_D0,ITIERVIGAGEFGEVCSGRLKLPGKRELPVAIKTLKVGYTEKQRRDFLGEASIMGQFDHPNIIHLEGVVTKSKPVMIVTEYMENGSLDTFLKKNDGQFTVIQLVGMLRGISAGMKYLSDMGYVHRDLAARNILINSNLVCKVSDFGLSRVLEDDPEAAYTTRGGKIPIRWTAPEAIAFRKFTSASDVWSYGIVMWEVVSYGERPYWEMTNQDVIKAVEEGYRLPSPMDCPAALYQLMLDCWQKERNSRPKFDEIVNMLDKLI,EPHA5_HUMAN,675-936,EPHA5,Ephrin type-A receptor 5,Protein kinase,human
17,EPHA6_HUMAN_D0,IRIERVIGAGEFGEVCSGRLKTPGKREIPVAIKTLKGGHMDRQRRDFLREASIMGQFDHPNIIRLEGVVTKRSFPAIGVEAFCPSFLRAGFLNSIQAPHPVPGGGSLPPRIPAGRPVMIVVEYMENGSLDSFLRKHDGHFTVIQLVGMLRGIASGMKYLSDMGYVHRDLAARNILVNSNLVCKVSDFGLSRVLEDDPEAAYTTTGGKIPIRWTAPEAIAYRKFSSASDAWSYGIVMWEVMSYGERPYWEMSNQDVILSIEEGYRLPAPMGCPASLHQLMLHCWQKERNHRPKFTDIVSFLDKLIRNPSALHTLV,EPHA6_HUMAN,631-944,EPHA6,Ephrin type-A receptor 6,Protein kinase,human
18,EPHA7_HUMAN_D0,IKIERVIGAGEFGEVCSGRLKLPGKRDVAVAIKTLKVGYTEKQRRDFLCEASIMGQFDHPNVVHLEGVVTRGKPVMIVIEFMENGALDAFLRKHDGQFTVIQLVGMLRGIAAGMRYLADMGYVHRDLAARNILVNSNLVCKVSDFGLSRVIEDDPEAVYTTTGGKIPVRWTAPEAIQYRKFTSASDVWSYGIVMWEVMSYGERPYWDMSNQDVIKAIEEGYRLPAPMDCPAGLHQLMLDCWQKERAERPKFEQIVGILDKMI,EPHA7_HUMAN,633-894,EPHA7,Ephrin type-A receptor 7,Protein kinase,human
19,EPHA8_HUMAN_D0,IHIEKIIGSGDSGEVCYGRLRVPGQRDVPVAIKALKAGYTERQRRDFLSEASIMGQFDHPNIIRLEGVVTRGRLAMIVTEYMENGSLDTFLRTHDGQFTIMQLVGMLRGVGAGMRYLSDLGYVHRDLAARNVLVDSNLVCKVSDFGLSRVLEDDPDAAYTTTGGKIPIRWTAPEAIAFRTFSSASDVWSFGVVMWEVLAYGERPYWNMTNRDVISSVEEGYRLPAPMGCPHALHQLMLDCWHKDRAQRPRFSQIVSVLDALI,EPHA8_HUMAN,635-896,EPHA8,Ephrin type-A receptor 8,Protein kinase,human
20,EPHAA_HUMAN_D0,VTLERSLGGGRFGELCCGCLQLPGRQELLVAVHMLRDSASDSQRLGFLAEALTLGQFDHSHIVRLEGVVTRGSTLMIVTEYMSHGALDGFLRRHEGQLVAGQLMGLLPGLASAMKYLSEMGYVHRGLAARHVLVSSDLVCKISGFGRGPRDRSEAVYTTMSGRSPALWAAPETLQFGHFSSASDVWSFGIIMWEVMAFGERPYWDMSGQDVIKAVEDGFRLPPPRNCPNLLHRLMLDCWQKDPGERPRFSQIHSIL,EPHAA_HUMAN,645-900,EPHA10,Ephrin type-A receptor 10,Protein kinase,human
21,EPHB1_HUMAN_D0,VKIEEVIGAGEFGEVYKGRLKLPGKREIYVAIKTLKAGYSEKQRRDFLSEASIMGQFDHPNIIRLEGVVTKSRPVMIITEFMENGALDSFLRQNDGQFTVIQLVGMLRGIAAGMKYLAEMNYVHRDLAARNILVNSNLVCKVSDFGLSRYLQDDTSDPTYTSSLGGKIPVRWTAPEAIAYRKFTSASDVWSYGIVMWEVMSFGERPYWDMSNQDVINAIEQDYRLPPPMDCPAALHQLMLDCWQKDRNSRPRFAEIVNTLDKMI,EPHB1_HUMAN,619-882,EPHB1,Ephrin type-B receptor 1,Protein kinase,human
22,EPHB2_HUMAN_D0,VKIEQVIGAGEFGEVCSGHLKLPGKREIFVAIKTLKSGYTEKQRRDFLSEASIMGQFDHPNVIHLEGVVTKSTPVMIITEFMENGSLDSFLRQNDGQFTVIQLVGMLRGIAAGMKYLADMNYVHRDLAARNILVNSNLVCKVSDFGLSRFLEDDTSDPTYTSALGGKIPIRWTAPEAIQYRKFTSASDVWSYGIVMWEVMSYGERPYWDMTNQDVINAIEQDYRLPPPMDCPSALHQLMLDCWQKDRNHRPKFGQIVNTLDKMI,EPHB2_HUMAN,621-884,EPHB2,Ephrin type-B receptor 2,Protein kinase,human
23,EPHB3_HUMAN_D0,VKIEEVIGAGEFGEVCRGRLKQPGRREVFVAIKTLKVGYTERQRRDFLSEASIMGQFDHPNIIRLEGVVTKSRPVMILTEFMENCALDSFLRLNDGQFTVIQLVGMLRGIAAGMKYLSEMNYVHRDLAARNILVNSNLVCKVSDFGLSRFLEDDPSDPTYTSSLGGKIPIRWTAPEAIAYRKFTSASDVWSYGIVMWEVMSYGERPYWDMSNQDVINAVEQDYRLPPPMDCPTALHQLMLDCWVRDRNLRPKFSQIVNTLDKLI,EPHB3_HUMAN,633-896,EPHB3,Ephrin type-B receptor 3,Protein kinase,human
24,EPHB4_HUMAN_D0,VKIEEVIGAGEFGEVCRGRLKAPGKKESCVAIKTLKGGYTERQRREFLSEASIMGQFEHPNIIRLEGVVTNSMPVMILTEFMENGALDSFLRLNDGQFTVIQLVGMLRGIASGMRYLAEMSYVHRDLAARNILVNSNLVCKVSDFGLSRFLEENSSDPTYTSSLGGKIPIRWTAPEAIAFRKFTSASDAWSYGIVMWEVMSFGERPYWDMSNQDVINAIEQDYRLPPPPDCPTSLHQLMLDCWQKDRNARPRFPQVVSALDKMIRNPASLKIVARENGGASHPLL,EPHB4_HUMAN,615-899,EPHB4,Ephrin type-B receptor 4,Protein kinase,human
25,EPHB6_HUMAN_D0,IKIEEVIGTGSFGEVRQGRLQPRGRREQTVAIQALWAGGAESLQMTFLGRAAVLGQFQHPNILRLEGVVTKSRPLMVLTEFMELGPLDSFLRQREGQFSSLQLVAMQRGVAAAMQYLSSFAFVHRSLSAHSVLVNSHLVCKVARLGHSPQGPSCLLRWAAPEVIAHGKHTTSSDVWSFGILMWEVMSYGERPYWDMSEQEVLNAIEQEFRLPPPPGCPPGLHLLMLDTWQKDRARRPHFDQLVAAFDKMI,EPHB6_HUMAN,670-919,EPHB6,Ephrin type-B receptor 6,Protein kinase,human
26,ERBB2_HUMAN_D0,LRKVKVLGSGAFGTVYKGIWIPDGENVKIPVAIKVLRENTSPKANKEILDEAYVMAGVGSPYVSRLLGICLTSTVQLVTQLMPYGCLLDHVRENRGRLGSQDLLNWCMQIAKGMSYLEDVRLVHRDLAARNVLVKSPNHVKITDFGLARLLDIDETEYHADGGKVPIKWMALESILRRRFTHQSDVWSYGVTVWELMTFGAKPYDGIPAREIPDLLEKGERLPQPPICTIDVYMIMVKCWMIDSECRPRFRELVSEFSRMARDPQRFV,ERBB2_HUMAN,720-987,ERBB2,Receptor tyrosine-protein kinase erbB-2,Protein kinase,human
27,ERBB3_HUMAN_D0,LRKLKVLGSGVFGTVHKGVWIPEGESIKIPVCIKVIEDKSGRQSFQAVTDHMLAIGSLDHAHIVRLLGLCPGSSLQLVTQYLPLGSLLDHVRQHRGALGPQLLLNWGVQIAKGMYYLEEHGMVHRNLAARNVLLKSPSQVQVADFGVADLLPPDDKQLLYSEAKTPIKWMALESIHFGKYTHQSDVWSYGVTVWELMTFGAEPYAGLRLAEVPDLLEKGERLAQPQICTIDVYMVMVKCWMIDENIRPTFKELANEFT,ERBB3_HUMAN,709-966,ERBB3,Receptor tyrosine-protein kinase erbB-3,Protein kinase,human
28,ERBB4_HUMAN_D0,LKRVKVLGSGAFGTVYKGIWVPEGETVKIPVAIKILNETTGPKANVEFMDEALIMASMDHPHLVRLLGVCLSPTIQLVTQLMPHGCLLEYVHEHKDNIGSQLLLNWCVQIAKGMMYLEERRLVHRDLAARNVLVKSPNHVKITDFGLARLLEGDEKEYNADGGKMPIKWMALECIHYRKFTHQSDVWSYGVTIWELMTFGGKPYDGIPTREIPDLLEKGERLPQPPICTIDVYMVMVKCWMIDADSRPKFKELAAEFSRMARDPQRYL,ERBB4_HUMAN,718-985,ERBB4,Receptor tyrosine-protein kinase erbB-4,Protein kinase,human
29,FAK1_HUMAN_D0,IELGRCIGEGQFGDVHQGIYMSPENPALAVAIKTCKNCTSDSVREKFLQEALTMRQFDHPHIVKLIGVITENPVWIIMELCTLGELRSFLQVRKYSLDLASLILYAYQLSTALAYLESKRFVHRDIAARNVLVSSNDCVKLGDFGLSRYMEDSTYYKASKGKLPIKWMAPESINFRRFTSASDVWMFGVCMWEILMHGVKPFQGVKNNDVIGRIENGERLPMPPNCPPTLYSLMTKCWAYDPSRRPRFTELKAQLSTIL,FAK1_HUMAN,422-680,PTK2,Focal adhesion kinase 1,Protein kinase,human
30,FAK2_HUMAN_D0,VVLNRILGEGFFGEVYEGVYTNHKGEKINVAVKTCKKDCTLDNKEKFMSEAVIMKNLDHPHIVKLIGIIEEEPTWIIMELYPYGELGHYLERNKNSLKVLTLVLYSLQICKAMAYLESINCVHRDIAVRNILVASPECVKLGDFGLSRYIEDEDYYKASVTRLPIKWMSPESINFRRFTTASDVWMFAVCMWEILSFGKQPFFWLENKDVIGVLEKGDRLPKPDLCPPVLYTLMTRCWDYDPSDRPRFTELVCSLSDVY,FAK2_HUMAN,425-683,PTK2B,Protein-tyrosine kinase 2-beta,Protein kinase,human
31,FER_HUMAN_D0,VILGELLGKGNFGEVYKGTLKDKTSVAVKTCKEDLPQELKIKFLQEAKILKQYDHPNIVKLIGVCTQRQPVYIIMELVSGGDFLTFLRRKKDELKLKQLVKFSLDAAAGMLYLESKNCIHRDLAARNCLVGENNVLKISDFGMSRQEDGGVYSSSGLKQIPIKWTAPEALNYGRYSSESDVWSFGILLWETFSLGVCPYPGMTNQQAREQVERGYRMSAPQHCPEDISKIMMKCWDYKPENRPKFSELQKELTI,FER_HUMAN,563-816,FER,Tyrosine-protein kinase Fer,Protein kinase,human
32,FES_HUMAN_D0,LVLGEQIGRGNFGEVFSGRLRADNTLVAVKSCRETLPPDLKAKFLQEARILKQYSHPNIVRLIGVCTQKQPIYIVMELVQGGDFLTFLRTEGARLRVKTLLQMVGDAAAGMEYLESKCCIHRDLAARNCLVTEKNVLKISDFGMSREEADGVYAASGGLRQVPVKWTAPEALNYGRYSSESDVWSFGILLWETFSLGASPYPNLSNQQTREFVEKGGRLPCPELCPDAVFRLMEQCWAYEPGQRPSFSTIYQELQSIRKRHR,FES_HUMAN,561-822,FES,Tyrosine-protein kinase Fes/Fps,Protein kinase,human
33,FGFR1_HUMAN_D0,LVLGKPLGEGCFGQVVLAEAIGLDKDKPNRVTKVAVKMLKSDATEKDLSDLISEMEMMKMIGKHKNIINLLGACTQDGPLYVIVEYASKGNLREYLQARRPPGLEYCYNPSHNPEEQLSSKDLVSCAYQVARGMEYLASKKCIHRDLAARNVLVTEDNVMKIADFGLARDIHHIDYYKKTTNGRLPVKWMAPEALFDRIYTHQSDVWSFGVLLWEIFTLGGSPYPGVPVEELFKLLKEGHRMDKPSNCTNELYMMMRDCWHAVPSQRPTFKQLVEDLDRIVALTSNQEYL,FGFR1_HUMAN,478-767,FGFR1,Fibroblast growth factor receptor 1,Protein kinase,human
34,FGFR2_HUMAN_D0,LTLGKPLGEGCFGQVVMAEAVGIDKDKPKEAVTVAVKMLKDDATEKDLSDLVSEMEMMKMIGKHKNIINLLGACTQDGPLYVIVEYASKGNLREYLRARRPPGMEYSYDINRVPEEQMTFKDLVSCTYQLARGMEYLASQKCIHRDLAARNVLVTENNVMKIADFGLARDINNIDYYKKTTNGRLPVKWMAPEALFDRVYTHQSDVWSFGVLMWEIFTLGGSPYPGIPVEELFKLLKEGHRMDKPANCTNELYMMMRDCWHAVPSQRPTFKQLVEDLDRILTLTTNEEYL,FGFR2_HUMAN,481-770,FGFR2,Fibroblast growth factor receptor 2,Protein kinase,human
35,FGFR3_HUMAN_D0,LTLGKPLGEGCFGQVVMAEAIGIDKDRAAKPVTVAVKMLKDDATDKDLSDLVSEMEMMKMIGKHKNIINLLGACTQGGPLYVLVEYAAKGNLREFLRARRPPGLDYSFDTCKPPEEQLTFKDLVSCAYQVARGMEYLASQKCIHRDLAARNVLVTEDNVMKIADFGLARDVHNLDYYKKTTNGRLPVKWMAPEALFDRVYTHQSDVWSFGVLLWEIFTLGGSPYPGIPVEELFKLLKEGHRMDKPANCTHDLYMIMRECWHAAPSQRPTFKQLVEDLDRVLTVTSTDEYL,FGFR3_HUMAN,472-761,FGFR3,Fibroblast growth factor receptor 3,Protein kinase,human
36,FGFR4_HUMAN_D0,LVLGKPLGEGCFGQVVRAEAFGMDPARPDQASTVAVKMLKDNASDKDLADLVSEMEVMKLIGRHKNIINLLGVCTQEGPLYVIVECAAKGNLREFLRARRPPGPDLSPDGPRSSEGPLSFPVLVSCAYQVARGMQYLESRKCIHRDLAARNVLVTEDNVMKIADFGLARGVHHIDYYKKTSNGRLPVKWMAPEALFDRVYTHQSDVWSFGILLWEIFTLGGSPYPGIPVEELFSLLREGHRMDRPPHCPPELYGLMRECWHAAPSQRPTFKQLVEALDKVLLAVSEEYL,FGFR4_HUMAN,467-755,FGFR4,Fibroblast growth factor receptor 4,Protein kinase,human
37,FGR_HUMAN_D0,ITLERRLGTGCFGDVWLGTWNGSTKVAVKTLKPGTMSPKAFLEEAQVMKLLRHDKLVQLYAVVSEEPIYIVTEFMCHGSLLDFLKNPEGQDLRLPQLVDMAAQVAEGMAYMERMNYIHRDLRAANILVGERLACKIADFGLARLIKDDEYNPCQGSKFPIKWTAPEAALFGRFTIKSDVWSFGILLTELITKGRIPYPGMNKREVLEQVEQGYHMPCPPGCPASLYEAMEQTWRLDPEERPTFEYLQSFLEDYF,FGR_HUMAN,263-516,FGR,Tyrosine-protein kinase Fgr,Protein kinase,human
38,FLT3_HUMAN_D0,LEFGKVLGSGAFGKVMNATAYGISKTGVSIQVAVKMLKEKADSSEREALMSELKMMTQLGSHENIVNLLGACTLSGPIYLIFEYCCYGDLLNYLRSKREKFHRTWTEIFKEHNFSFYPTFQSHPNSSMPGSREVQIHPDSDQISGLHGNSFHSEDEIEYENQKRLEEEEDLNVLTFEDLLCFAYQVAKGMEFLEFKSCVHRDLAARNVLVTHGKVVKICDFGLARDIMSDSNYVVRGNARLPVKWMAPESLFEGIYTIKSDVWSYGILLWEIFSLGVNPYPGIPVDANFYKLIQNGFKMDQPFYATEEIYIIMQSCWAFDSRKRPSFPNLTSFL,FLT3_HUMAN,610-943,FLT3,Receptor-type tyrosine-protein kinase FLT3,Protein kinase,human
39,FRK_HUMAN_D0,IQLLKRLGSGQFGEVWEGLWNNTTPVAVKTLKPGSMDPNDFLREAQIMKNLRHPKLIQLYAVCTLEDPIYIITELMRHGSLQEYLQNDTGSKIHLTQQVDMAAQVASGMAYLESRNYIHRDLAARNVLVGEHNIYKVADFGLARVFKVDNEDIYESRHEIKLPVKWTAPEAIRSNKFSIKSDVWSFGILLYEIITYGKMPYSGMTGAQVIQMLAQNYRLPQPSNCPQQFYNIMLECWNAEPKERPTFETLRWKLEDYF,FRK_HUMAN,234-491,FRK,Tyrosine-protein kinase FRK,Protein kinase,human
40,FYN_HUMAN_D0,LQLIKRLGNGQFGEVWMGTWNGNTKVAIKTLKPGTMSPESFLEEAQIMKKLKHDKLVQLYAVVSEEPIYIVTEYMNKGSLLDFLKDGEGRALKLPNLVDMAAQVAAGMAYIERMNYIHRDLRSANILVGNGLICKIADFGLARLIEDNEYTARQGAKFPIKWTAPEAALYGRFTIKSDVWSFGILLTELVTKGRVPYPGMNNREVLEQVERGYRMPCPQDCPISLHELMIHCWKKDPEERPTFEYLQSFLEDYF,FYN_HUMAN,271-524,FYN,Tyrosine-protein kinase Fyn,Protein kinase,human
41,HCK_HUMAN_D0,LKLEKKLGAGQFGEVWMATYNKHTKVAVKTMKPGSMSVEAFLAEANVMKTLQHDKLVKLHAVVTKEPIYIITEFMAKGSLLDFLKSDEGSKQPLPKLIDFSAQIAEGMAFIEQRNYIHRDLRAANILVSASLVCKIADFGLARVIEDNEYTAREGAKFPIKWTAPEAINFGSFTIKSDVWSFGILLMEIVTYGRIPYPGMSNPEVIRALERGYRMPRPENCPEELYNIMMRCWKNRPEERPTFEYIQSVLDDFY,HCK_HUMAN,262-515,HCK,Tyrosine-protein kinase HCK,Protein kinase,human
42,IGF1R_HUMAN_D0,ITMSRELGQGSFGMVYEGVAKGVVKDEPETRVAIKTVNEAASMRERIEFLNEASVMKEFNCHHVVRLLGVVSQGQPTLVIMELMTRGDLKSYLRSLRPEMENNPVLAPPSLSKMIQMAGEIADGMAYLNANKFVHRDLAARNCMVAEDFTVKIGDFGMTRDIYETDYYRKGGKGLLPVRWMSPESLKDGVFTTYSDVWSFGVVLWEIATLAEQPYQGLSNEQVLRFVMEGGLLDKPDNCPDMLFELMRMCWQYNPKMRPSFLEIISSIKEEMEPGF,IGF1R_HUMAN,999-1274,IGF1R,Insulin-like growth factor 1 receptor,Protein kinase,human
43,INSRR_HUMAN_D0,ISIIRELGQGSFGMVYEGLARGLEAGEESTPVALKTVNELASPRECIEFLKEASVMKAFKCHHVVRLLGVVSQGQPTLVIMELMTRGDLKSHLRSLRPEAENNPGLPQPALGEMIQMAGEIADGMAYLAANKFVHRDLAARNCMVSQDFTVKIGDFGMTRDVYETDYYRKGGKGLLPVRWMAPESLKDGIFTTHSDVWSFGVVLWEIVTLAEQPYQGLSNEQVLKFVMDGGVLEELEGCPLQLQELMSRCWQPNPRLRPSFTHILDSIQEELRPSF,INSRR_HUMAN,979-1254,INSRR,Insulin receptor-related protein,Protein kinase,human
44,INSR_HUMAN_D0,ITLLRELGQGSFGMVYEGNARDIIKGEAETRVAVKTVNESASLRERIEFLNEASVMKGFTCHHVVRLLGVVSKGQPTLVVMELMAHGDLKSYLRSLRPEAENNPGRPPPTLQEMIQMAAEIADGMAYLNAKKFVHRDLAARNCMVAHDFTVKIGDFGMTRDIYETDYYRKGGKGLLPVRWMAPESLKDGVFTTSSDMWSFGVVLWEITSLAEQPYQGLSNEQVLKFVMDGGYLDQPDNCPERVTDLMRMCWQFNPKMRPTFLEIVNLLKDDLHPSF,INSR_HUMAN,1023-1298,INSR,Insulin receptor,Protein kinase,human
45,ITK_HUMAN_D0,LTFVQEIGSGQFGLVHLGYWLNKDKVAIKTIREGAMSEEDFIEEAEVMMKLSHPKLVQLYGVCLEQAPICLVFEFMEHGCLSDYLRTQRGLFAAETLLGMCLDVCEGMAYLEEACVIHRDLAARNCLVGENQVIKVSDFGMTRFVLDDQYTSSTGTKFPVKWASPEVFSFSRYSSKSDVWSFGVLMWEVFSEGKIPYENRSNSEVVEDISTGFRLYKPRLASTHVYQIMNHCWKERPEDRPAFSRLLRQLAEI,ITK_HUMAN,363-615,ITK,Tyrosine-protein kinase ITK/TSK,Protein kinase,human
46,JAK1_HUMAN_D0,LVQGEHLGRGTRTHIYSGTLMDYKDDEGTSEEKKIKVILKVLDPSHRDISLAFFEAASMMRQVSHKHIVYLYGVCVRDVENIMVEEFVEGGPLDLFMHRKSDVLTTPWKFKVAKQLASALSYLEDKDLVHGNVCTKNLLLAREGIDSECGPFIKLSDPGIPITVLSRQECIERIPWIAPECVEDSKNLSVAADKWSFGTTLWEICYNGEIPLKDKTLIEKERFYESRCRPVTPSCKELADLMTRCMNYDPNQRPFFRAIMRDINKLEEQNPDI,JAK1_HUMAN,583-855,JAK1,Tyrosine-protein kinase JAK1,Protein kinase 1,human
47,JAK1_HUMAN_D1,LKRIRDLGEGHFGKVELCRYDPEGDNTGEQVAVKSLKPESGGNHIADLKKEIEILRNLYHENIVKYKGICTEDGGNGIKLIMEFLPSGSLKEYLPKNKNKINLKQQLKYAVQICKGMDYLGSRQYVHRDLAARNVLVESEHQVKIGDFGLTKAIETDKEYYTVKDDRDSPVFWYAPECLMQSKFYIASDVWSFGVTLHELLTYCDSDSSPMALFLKMIGPTHGQMTVTRLVNTLKEGKRLPCPPNCPDEVYQLMRKCWEFQPSNRTSFQNLIEGFEALL,JAK1_HUMAN,875-1153,JAK1,Tyrosine-protein kinase JAK1,Protein kinase 2,human
48,JAK2_HUMAN_D0,LIFNESLGQGTFTKIFKGVRREVGDYGQLHETEVLLKVLDKAHRNYSESFFEAASMMSKLSHKHLVLNYGVCVCGDENILVQEFVKFGSLDTYLKKNKNCINILWKLEVAKQLAWAMHFLEENTLIHGNVCAKNILLIREEDRKTGNPPFIKLSDPGISITVLPKDILQERIPWVPPECIENPKNLNLATDKWSFGTTLWEICSGGDKPLSALDSQRKLQFYEDRHQLPAPKWAELANLINNCMDYEPDFRPSFRAIIRDLNSLF,JAK2_HUMAN,545-809,JAK2,Tyrosine-protein kinase JAK2,Protein kinase 1,human
49,JAK2_HUMAN_D1,LKFLQQLGKGNFGSVEMCRYDPLQDNTGEVVAVKKLQHSTEEHLRDFEREIEILKSLQHDNIVKYKGVCYSAGRRNLKLIMEYLPYGSLRDYLQKHKERIDHIKLLQYTSQICKGMEYLGTKRYIHRDLATRNILVENENRVKIGDFGLTKVLPQDKEYYKVKEPGESPIFWYAPESLTESKFSVASDVWSFGVVLYELFTYIEKSKSPPAEFMRMIGNDKQGQMIVFHLIELLKNNGRLPRPDGCPDEIYMIMTECWNNNVNQRPSFRDLALRVD,JAK2_HUMAN,849-1124,JAK2,Tyrosine-protein kinase JAK2,Protein kinase 2,human
50,JAK3_HUMAN_D0,LEWHENLGHGSFTKIYRGCRHEVVDGEARKTEVLLKVMDAKHKNCMESFLEAASLMSQVSYRHLVLLHGVCMAGDSTMVQEFVHLGAIDMYLRKRGHLVPASWKLQVVKQLAYALNYLEDKGLPHGNVSARKVLLAREGADGSPPFIKLSDPGVSPAVLSLEMLTDRIPWVAPECLREAQTLSLEADKWGFGATVWEVFSGVTMPISALDPAKKLQFYEDRQQLPAPKWTELALLIQQCMAYEPVQRPSFRAVIRDLNSLI,JAK3_HUMAN,521-781,JAK3,Tyrosine-protein kinase JAK3,Protein kinase 1,human
51,JAK3_HUMAN_D1,LKYISQLGKGNFGSVELCRYDPLGDNTGALVAVKQLQHSGPDQQRDFQREIQILKALHSDFIVKYRGVSYGPGRQSLRLVMEYLPSGCLRDFLQRHRARLDASRLLLYSSQICKGMEYLGSRRCVHRDLAARNILVESEAHVKIADFGLAKLLPLDKDYYVVREPGQSPIFWYAPESLSDNIFSRQSDVWSFGVVLYELFTYCDKSCSPSAEFLRMMGCERDVPALCRLLELLEEGQRLPAPPACPAEVHELMKLCWAPSPQDRPSFSALGPQLDMLWSGSRGCETHAFT,JAK3_HUMAN,822-1111,JAK3,Tyrosine-protein kinase JAK3,Protein kinase 2,human
52,KIT_HUMAN_D0,LSFGKTLGAGAFGKVVEATAYGLIKSDAAMTVAVKMLKPSAHLTEREALMSELKVLSYLGNHMNIVNLLGACTIGGPTLVITEYCCYGDLLNFLRRKRDSFICSKQEDHAEAALYKNLLHSKESSCSDSTNEYMDMKPGVSYVVPTKADKRRSVRIGSYIERDVTPAIMEDDELALDLEDLLSFSYQVAKGMAFLASKNCIHRDLAARNILLTHGRITKICDFGLARDIKNDSNYVVKGNARLPVKWMAPESIFNCVYTFESDVWSYGIFLWELFSLGSSPYPGMPVDSKFYKMIKEGFRMLSPEHAPAEMYDIMKTCWDADPLKRPTFKQIVQLIEKQISESTNHIYS,KIT_HUMAN,589-937,KIT,Mast/stem cell growth factor receptor Kit,Protein kinase,human
53,KSYK_HUMAN_D0,TLEDKELGSGNFGTVKKGYYQMKKVVKTVAVKILKNEANDPALKDELLAEANVMQQLDNPYIVRMIGICEAESWMLVMEMAELGPLNKYLQQNRHVKDKNIIELVHQVSMGMKYLEESNFVHRDLAARNVLLVTQHYAKISDFGLSKALRADENYYKAQTHGKWPVKWYAPECINYYKFSSKSDVWSFGVLMWEAFSYGQKPYRGMKGSEVTAMLEKGERMGCPAGCPREMYDLMNLCWTYDVENRPGFAAVELRLRNYYY,KSYK_HUMAN,371-631,SYK,Tyrosine-protein kinase SYK,Protein kinase,human
54,LCK_HUMAN_D0,LKLVERLGAGQFGEVWMGYYNGHTKVAVKSLKQGSMSPDAFLAEANLMKQLQHQRLVRLYAVVTQEPIYIITEYMENGSLVDFLKTPSGIKLTINKLLDMAAQIAEGMAFIEERNYIHRDLRAANILVSDTLSCKIADFGLARLIEDNEYTAREGAKFPIKWTAPEAINYGTFTIKSDVWSFGILLTEIVTHGRIPYPGMTNPEVIQNLERGYRMVRPDNCPEELYQLMRLCWKERPEDRPTFDYLRSVLEDFF,LCK_HUMAN,245-498,LCK,Tyrosine-protein kinase Lck,Protein kinase,human
55,LMTK1_HUMAN_D0,LLYLKEIGRGWFGKVFLGEVNSGISSAQVVVKELQASASVQEQMQFLEEVQPYRALKHSNLLQCLAQCAEVTPYLLVMEFCPLGDLKGYLRSCRVAESMAPDPRTLQRMACEVACGVLHLHRNNFVHSDLALRNCLLTADLTVKIGDYGLAHCKYREDYFVTADQLWVPLRWIAPELVDEVHSNLLVVDQTKSGNVWSLGVTIWELFELGTQPYPQHSDQQVLAYTVREQQLKLPKPQLQLTLSDRWYEVMQFCWLQPEQRPTAEEVHLLL,LMTK1_HUMAN,125-395,AATK,Serine/threonine-protein kinase LMTK1,Protein kinase,human
56,LMTK2_HUMAN_D0,LNYIQEIGNGWFGKVLLGEIYTGTSVARVIVKELKASANPKEQDTFLKNGEPYYILQHPNILQCVGQCVEAIPYLLVFEFCDLGDLKAYLRSEQEHMRGDSQTMLLQRMACEVAAGLAAMHKLHFLHSDLALRNCFLTSDLNVKVGDYGIGFSRYKEDYIETDDKKVFPLRWTAPELVTSFQDRLLTADQTKYSNIWSLGVTLWELFDNAAQPYSNLSNLDVLNQVIRERDTKLPKPQLEQPYSDRWYEVLQFCWLSPEKRPAAEDVHRLL,LMTK2_HUMAN,137-407,LMTK2,Serine/threonine-protein kinase LMTK2,Protein kinase,human
57,LMTK3_HUMAN_D0,LSYLQEIGSGWFGKVILGEIFSDYTPAQVVVKELRASAGPLEQRKFISEAQPYRSLQHPNVLQCLGLCVETLPFLLIMEFCQLGDLKRYLRAQRPPEGLSPELPPRDLRTLQRMGLEIARGLAHLHSHNYVHSDLALRNCLLTSDLTVRIGDYGLAHSNYKEDYYLTPERLWIPLRWAAPELLGELHGTFMVVDQSRESNIWSLGVTLWELFEFGAQPYRHLSDEEVLAFVVRQQHVKLARPRLKLPYADYWYDILQSCWRPPAQRPSASDLQLQLTYL,LMTK3_HUMAN,133-411,LMTK3,Serine/threonine-protein kinase LMTK3,Protein kinase,human
58,LTK_HUMAN_D0,VTLLRALGHGAFGEVYEGLVIGLPGDSSPLQVAIKTLPELCSPQDELDFLMEALIISKFRHQNIVRCVGLSLRATPRLILLELMSGGDMKSFLRHSRPHLGQPSPLVMRDLLQLAQDIAQGCHYLEENHFIHRDIAARNCLLSCAGPSRVAKIGDFGMARDIYRASYYRRGDRALLPVKWMPPEAFLEGIFTSKTDSWSFGVLLWEIFSLGYMPYPGRTNQEVLDFVVGGGRMDPPRGCPGPVYRIMTQCWQHEPELRPSFASILERLQYCTQDPDV,LTK_HUMAN,510-786,LTK,Leukocyte tyrosine kinase receptor,Protein kinase,human
59,LYN_HUMAN_D0,IKLVKRLGAGQFGEVWMGYYNNSTKVAVKTLKPGTMSVQAFLEEANLMKTLQHDKLVRLYAVVTREEPIYIITEYMAKGSLLDFLKSDEGGKVLLPKLIDFSAQIAEGMAYIERKNYIHRDLRAANVLVSESLMCKIADFGLARVIEDNEYTAREGAKFPIKWTAPEAINFGCFTIKSDVWSFGILLYEIVTYGKIPYPGRTNADVMTALSQGYRMPRVENCPDELYDIMKMCWKEKAEERPTFDYLQSVLDDFY,LYN_HUMAN,247-501,LYN,Tyrosine-protein kinase Lyn,Protein kinase,human
60,MATK_HUMAN_D0,LTLGAQIGEGEFGAVLQGEYLGQKVAVKNIKCDVTAQAFLDETAVMTKMQHENLVRLLGVILHQGLYIVMEHVSKGNLVNFLRTRGRALVNTAQLLQFSLHVAEGMEYLESKKLVHRDLAARNILVSEDLVAKVSDFGLAKAERKGLDSSRLPVKWTAPEALKHGKFTSKSDVWSFGVLLWEVFSYGRAPYPKMSLKEVSEAVEKGYRMEPPEGCPGPVHVLMSSCWEAEPARRPPFRKLAEKLAREL,MATK_HUMAN,235-482,MATK,Megakaryocyte-associated tyrosine-protein kinase,Protein kinase,human
61,MERTK_HUMAN_D0,LILGKILGEGEFGSVMEGNLKQEDGTSLKVAVKTMKLDNSSQREIEEFLSEAACMKDFSHPNVIRLLGVCIEMSSQGIPKPMVILPFMKYGDLHTYLLYSRLETGPKHIPLQTLLKFMVDIALGMEYLSNRNFLHRDLAARNCMLRDDMTVCVADFGLSKKIYSGDYYRQGRIAKMPVKWIAIESLADRVYTSKSDVWAFGVTMWEIATRGMTPYPGVQNHEMYDYLLHGHRLKQPEDCLDELYEIMYSCWRTDPLDRPTFSVLRLQLEKLL,MERTK_HUMAN,587-858,MERTK,Tyrosine-protein kinase Mer,Protein kinase,human
62,MET_HUMAN_D0,VHFNEVIGRGHFGCVYHGTLLDNDGKKIHCAVKSLNRITDIGEVSQFLTEGIIMKDFSHPNVLSLLGICLRSEGSPLVVLPYMKHGDLRNFIRNETHNPTVKDLIGFGLQVAKGMKYLASKKFVHRDLAARNCMLDEKFTVKVADFGLARDMYDKEYYSVHNKTGAKLPVKWMALESLQTQKFTTKSDVWSFGVLLWELMTRGAPPYPDVNTFDITVYLLQGRRLLQPEYCPDPLYEVMLKCWHPKAEMRPSFSELVSRISAIFSTFI,MET_HUMAN,1078-1345,MET,Hepatocyte growth factor receptor,Protein kinase,human
63,MUSK_HUMAN_D0,IEYVRDIGEGAFGRVFQARAPGLLPYEPFTMVAVKMLKEEASADMQADFQREAALMAEFDNPNIVKLLGVCAVGKPMCLLFEYMAYGDLNEFLRSMSPHTVCSLSHSDLSMRAQVSSPGPPPLSCAEQLCIARQVAAGMAYLSERKFVHRDLATRNCLVGENMVVKIADFGLSRNIYSADYYKANENDAIPIRWMPPESIFYNRYTTESDVWAYGVVLWEIFSYGLQPYYGMAHEEVIYYVRDGNILSCPENCPVELYNLMRLCWSKLPADRPSFTSIHRIL,MUSK_HUMAN,575-856,MUSK,"Muscle, skeletal receptor tyrosine-protein kinase",Protein kinase,human
64,NTRK1_HUMAN_D0,IVLKWELGEGAFGKVFLAECHNLLPEQDKMLVAVKALKEASESARQDFQREAELLTMLQHQHIVRFFGVCTEGRPLLMVFEYMRHGDLNRFLRSHGPDAKLLAGGEDVAPGPLGLGQLLAVASQVAAGMVYLAGLHFVHRDLATRNCLVGQGLVVKIGDFGMSRDIYSTDYYRVGGRTMLPIRWMPPESILYRKFTTESDVWSFGVVLWEIFTYGKQPWYQLSNTEAIDCITQGRELERPRACPPEVYAIMRGCWQREPQQRHSIKDVHARL,NTRK1_HUMAN,510-781,NTRK1,High affinity nerve growth factor receptor,Protein kinase,human
65,NTRK2_HUMAN_D0,IVLKRELGEGAFGKVFLAECYNLCPEQDKILVAVKTLKDASDNARKDFHREAELLTNLQHEHIVKFYGVCVEGDPLIMVFEYMKHGDLNKFLRAHGPDAVLMAEGNPPTELTQSQMLHIAQQIAAGMVYLASQHFVHRDLATRNCLVGENLLVKIGDFGMSRDVYSTDYYRVGGHTMLPIRWMPPESIMYRKFTTESDVWSLGVVLWEIFTYGKQPWYQLSNNEVIECITQGRVLQRPRTCPQEVYELMLGCWQREPHMRKNIKGIHTLL,NTRK2_HUMAN,538-807,NTRK2,BDNF/NT-3 growth factors receptor,Protein kinase,human
66,NTRK3_HUMAN_D0,IVLKRELGEGAFGKVFLAECYNLSPTKDKMLVAVKALKDPTLAARKDFQREAELLTNLQHEHIVKFYGVCGDGDPLIMVFEYMKHGDLNKFLRAHGPDAMILVDGQPRQAKGELGLSQMLHIASQIASGMVYLASQHFVHRDLATRNCLVGANLLVKIGDFGMSRDVYSTDYYRLFNPSGNDFCIWCEVGGHTMLPIRWMPPESIMYRKFTTESDVWSFGVILWEIFTYGKQPWFQLSNTEVIECITQGRVLERPRVCPKEVYDVMLGCWQREPQQRLNIKEIYKILHALGKATPIYLDILG,NTRK3_HUMAN,538-839,NTRK3,NT-3 growth factor receptor,Protein kinase,human
67,PGFRA_HUMAN_D0,LVLGRVLGSGAFGKVVEGTAYGLSRSQPVMKVAVKMLKPTARSSEKQALMSELKIMTHLGPHLNIVNLLGACTKSGPIYIITEYCFYGDLVNYLHKNRDSFLSHHPEKPKKELDIFGLNPADESTRSYVILSFENNGDYMDMKQADTTQYVPMLERKEVSKYSDIQRSLYDRPASYKKKSMLDSEVKNLLSDDNSEGLTLLDLLSFTYQVARGMEFLASKNCVHRDLAARNVLLAQGKIVKICDFGLARDIMHDSNYVSKGSTFLPVKWMAPESIFDNLYTTLSDVWSYGILLWEIFSLGGTPYPGMMVDSTFYNKIKSGYRMAKPDHATSEVYEIMVKCWNSEPEKRPSFYHLSEIVENLL,PGFRA_HUMAN,593-954,PDGFRA,Platelet-derived growth factor receptor alpha,Protein kinase,human
68,PGFRB_HUMAN_D0,LVLGRTLGSGAFGQVVEATAHGLSHSQATMKVAVKMLKSTARSSEKQALMSELKIMSHLGPHLNVVNLLGACTKGGPIYIITEYCRYGDLVDYLHRNKHTFLQHHSDKRRPPSAELYSNALPVGLPLPSHVSLTGESDGGYMDMSKDESVDYVPMLDMKGDVKYADIESSNYMAPYDNYVPSAPERTCRATLINESPVLSYMDLVGFSYQVANGMEFLASKNCVHRDLAARNVLICEGKLVKICDFGLARDIMRDSNYISKGSTFLPLKWMAPESIFNSLYTTLSDVWSFGILLWEIFTLGGTPYPELPMNEQFYNAIKRGYRMAQPAHASDEIYEIMQKCWEEKFEIRPPFSQLVLLLERLL,PGFRB_HUMAN,600-962,PDGFRB,Platelet-derived growth factor receptor beta,Protein kinase,human
69,PTK6_HUMAN_D0,FTLCRKLGSGYFGEVFEGLWKDRVQVAIKVISRDNLLHQQMLQSEIQAMKKLRHKHILALYAVVSVGDPVYIITELMAKGSLLELLRDSDEKVLPVSELLDIAWQVAEGMCYLESQNYIHRDLAARNILVGENTLCKVGDFGLARLIKEDVYLSHDHNIPYKWTAPEALSRGHYSTKSDVWSFGILLHEMFSRGQVPYPGMSNHEAFLRVDAGYRMPCPLECPPSVHKLMLTCWCRDPEQRPCFKALRERLSSFT,PTK6_HUMAN,191-445,PTK6,Protein-tyrosine kinase 6,Protein kinase,human
70,RET_HUMAN_D0,LVLGKTLGEGEFGKVVKATAFHLKGRAGYTTVAVKMLKENASPSELRDLLSEFNVLKQVNHPHVIKLYGACSQDGPLLLIVEYAKYGSLRGFLRESRKVGPGYLGSGGSRNSSSLDHPDERALTMGDLISFAWQISQGMQYLAEMKLVHRDLAARNILVAEGRKMKISDFGLSRDVYEEDSYVKRSQGRIPVKWMAIESLFDHIYTTQSDVWSFGVLLWEIVTLGGNPYPGIPPERLFNLLKTGHRMERPDNCSEEMYRLMLQCWKQEPDKRPVFADISKDLEKMMVKRRDYL,RET_HUMAN,724-1016,RET,Proto-oncogene tyrosine-protein kinase receptor Ret,Protein kinase,human
71,RON_HUMAN_D0,THSDRVIGKGHFGVVYHGEYIDQAQNRIQCAIKSLSRITEMQQVEAFLREGLLMRGLNHPNVLALIGIMLPPEGLPHVLLPYMCHGDLLQFIRSPQRNPTVKDLISFGLQVARSMEYLAEQKFVHRDLAARNCMLDESFTVKVADFGLARDILDREYYSVQQHRHARLPVKWMALESLQTYRFTTKSDVWSFGVLLWELLTRGAPPYRHIDPFDLTHFLAQGRRLPQPEYCPDSLYQVMQQCWEADPAVRPTFRVLVGEVEQIV,RON_HUMAN,1082-1345,MST1R,Macrophage-stimulating protein receptor,Protein kinase,human
72,ROR1_HUMAN_D0,VRFMEELGECAFGKIYKGHLYLPGMDHAQLVAIKTLKDYNNPQQWTEFQQEASLMAELHHPNIVCLLGAVTQEQPVCMLFEYINQGDLHEFLIMRSPHSDVGCSSDEDGTVKSSLDHGDFLHIAIQIAAGMEYLSSHFFVHKDLAARNILIGEQLHVKISDLGLSREIYSADYYRVQSKSLLPIRWMPPEAIMYGKFSSDSDIWSFGVVLWEIFSFGLQPYYGFSNQEVIEMVRKRQLLPCSEDCPPRMYSLMTECWNEIPSRRPRFKDIHVRL,ROR1_HUMAN,473-746,ROR1,Tyrosine-protein kinase transmembrane receptor ROR1,Protein kinase,human
73,ROR2_HUMAN_D0,VRFMEELGEDRFGKVYKGHLFGPAPGEQTQAVAIKTLKDKAEGPLREEFRHEAMLRARLQHPNVVCLLGVVTKDQPLSMIFSYCSHGDLHEFLVMRSPHSDVGSTDDDRTVKSALEPPDFVHLVAQIAAGMEYLSSHHVVHKDLATRNVLVYDKLNVKISDLGLFREVYAADYYKLLGNSLLPIRWMAPEAIMYGKFSIDSDIWSYGVVLWEVFSYGLQPYCGYSNQDVVEMIRNRQVLPCPDDCPAWVYALMIECWNEFPSRRPRFKDIHSRL,ROR2_HUMAN,473-746,ROR2,Tyrosine-protein kinase transmembrane receptor ROR2,Protein kinase,human
74,ROS1_HUMAN_D0,LTLRLLLGSGAFGEVYEGTAVDILGVGSGEIKVAVKTLKKGSTDQEKIEFLKEAHLMSKFNHPNILKQLGVCLLNEPQYIILELMEGGDLLTYLRKARMATFYGPLLTLVDLVDLCVDISKGCVYLERMHFIHRDLAARNCLVSVKDYTSPRIVKIGDFGLARDIYKNDYYRKRGEGLLPVRWMAPESLMDGIFTTQSDVWSFGILIWEILTLGHQPYPAHSNLDVLNYVQTGGRLEPPRNCPDDLWNLMTQCWAQEPDQRPTFHRIQDQLQLFRNFF,ROS1_HUMAN,1945-2222,ROS1,Proto-oncogene tyrosine-protein kinase ROS,Protein kinase,human
75,RYK_HUMAN_D0,ITLKDVLQEGTFGRIFHGILIDEKDPNKEKQAFVKTVKDQASEIQVTMMLTESCKLRGLHHRNLLPITHVCIEEGEKPMVILPYMNWGNLKLFLRQCKLVEANNPQAISQQDLVHMAIQIACGMSYLARREVIHKDLAARNCVIDDTLQVKITDNALSRDLFPMDYHCLGDNENRPVRWMALESLVNNEFSSASDVWAFGVTLWELMTLGQTPYVDIDPFEMAAYLKDGYRIAQPINCPDELFAVMACCWALDPEERPKFQQLVQCLTEFHAAL,RYK_HUMAN,327-600,RYK,Tyrosine-protein kinase RYK,Protein kinase,human
76,SRC_HUMAN_D0,LRLEVKLGQGCFGEVWMGTWNGTTRVAIKTLKPGTMSPEAFLQEAQVMKKLRHEKLVQLYAVVSEEPIYIVTEYMSKGSLLDFLKGETGKYLRLPQLVDMAAQIASGMAYVERMNYVHRDLRAANILVGENLVCKVADFGLARLIEDNEYTARQGAKFPIKWTAPEAALYGRFTIKSDVWSFGILLTELTTKGRVPYPGMVNREVLDQVERGYRMPCPPECPESLHDLMCQCWRKEPEERPTFEYLQAFLEDYF,SRC_HUMAN,270-523,SRC,Proto-oncogene tyrosine-protein kinase Src,Protein kinase,human
77,SRMS_HUMAN_D0,FALGRKLGEGYFGEVWEGLWLGSLPVAIKVIKSANMKLTDLAKEIQTLKGLRHERLIRLHAVCSGGEPVYIVTELMRKGNLQAFLGTPEGRALRLPPLLGFACQVAEGMSYLEEQRVVHRDLAARNVLVDDGLACKVADFGLARLLKDDIYSPSSSSKIPVKWTAPEAANYRVFSQKSDVWSFGVLLHEVFTYGQCPYEGMTNHETLQQIMRGYRLPRPAACPAEVYVLMLECWRSSPEERPSFATLREKLHAIHRCHP,SRMS_HUMAN,230-488,SRMS,Tyrosine-protein kinase Srms,Protein kinase,human
78,STYK1_HUMAN_D0,SEVLEQICSGSCGPIFRANMNTGDPSKPKSVILKALKEPAGLHEVQDFLGRIQFHQYLGKHKNLVQLEGCCTEKLPLYMVLEDVAQGDLLSFLWTCRRDVMTMDGLLYDLTEKQVYHIGKQVLLALEFLQEKHLFHGDVAARNILMQSDLTAKLCGLGLAYEVYTRGAISSTQTIPLKWLAPERLLLRPASIRADVWSFGILLYEMVTLGAPPYPEVPPTSILEHLQRRKIMKRPSSCTHTMYSIMKSCWRWREADRPSPRELRLRLEAAI,STYK1_HUMAN,114-384,STYK1,Tyrosine-protein kinase STYK1,Protein kinase,human
79,TEC_HUMAN_D0,LTFMRELGSGLFGVVRLGKWRAQYKVAIKAIREGAMCEEDFIEEAKVMMKLTHPKLVQLYGVCTQQKPIYIVTEFMERGCLLNFLRQRQGHFSRDVLLSMCQDVCEGMEYLERNSFIHRDLAARNCLVSEAGVVKVSDFGMARYVLDDQYTSSSGAKFPVKWCPPEVFNYSRFSSKSDVWSFGVLMWEVFTEGRMPFEKYTNYEVVTMVTRGHRLYQPKLASNYVYEVMLRCWQEKPEGRPSFEDLLRTIDELV,TEC_HUMAN,370-623,TEC,Tyrosine-protein kinase Tec,Protein kinase,human
80,TIE1_HUMAN_D0,ITFEDLIGEGNFGQVIRAMIKKDGLKMNAAIKMLKEYASENDHRDFAGELEVLCKLGHHPNIINLLGACKNRGYLYIAIEYAPYGNLLDFLRKSRVLETDPAFAREHGTASTLSSRQLLRFASDAANGMQYLSEKQFIHRDLAARNVLVGENLASKIADFGLSRGEEVYVKKTMGRLPVRWMAIESLNYSVYTTKSDVWSFGVLLWEIVSLGGTPYCGMTCAELYEKLPQGYRMEQPRNCDDEVYELMRQCWRDRPYERPPFAQIALQLGRMLEARKAYV,TIE1_HUMAN,839-1118,TIE1,Tyrosine-protein kinase receptor Tie-1,Protein kinase,human
81,TIE2_HUMAN_D0,IKFQDVIGEGNFGQVLKARIKKDGLRMDAAIKRMKEYASKDDHRDFAGELEVLCKLGHHPNIINLLGACEHRGYLYLAIEYAPHGNLLDFLRKSRVLETDPAFAIANSTASTLSSQQLLHFAADVARGMDYLSQKQFIHRDLAARNILVGENYVAKIADFGLSRGQEVYVKKTMGRLPVRWMAIESLNYSVYTTNSDVWSYGVLLWEIVSLGGTPYCGMTCAELYEKLPQGYRLEKPLNCDDEVYDLMRQCWREKPYERPSFAQILVSLNRML,TIE2_HUMAN,824-1096,TEK,Angiopoietin-1 receptor,Protein kinase,human
82,TNK1_HUMAN_D0,VCRGELLGSGCFGVVHRGLWTLPSGKSVPVAVKSLRVGPEGPMGTELGDFLREVSVMMNLEHPHVLRLHGLVLGQPLQMVMELAPLGSLHARLTAPAPTPPLLVALLCLFLRQLAGAMAYLGARGLVHRDLATRNLLLASPRTIKVADFGLVRPLGGARGRYVMGGPRPIPYAWCAPESLRHGAFSSASDVWMFGVTLWEMFSGGEEPWAGVPPYLILQRLEDRARLPRPPLCSRALYSLALRCWAPHPADRPSFSHLEGLL,TNK1_HUMAN,116-377,TNK1,Non-receptor tyrosine-protein kinase TNK1,Protein kinase,human
83,TXK_HUMAN_D0,LAFIKEIGSGQFGVVHLGEWRSHIQVAIKAINEGSMSEEDFIEEAKVMMKLSHSKLVQLYGVCIQRKPLYIVTEFMENGCLLNYLRENKGKLRKEMLLSVCQDICEGMEYLERNGYIHRDLAARNCLVSSTCIVKISDFGMTRYVLDDEYVSSFGAKFPIKWSPPEVFLFNKYSSKSDVWSFGVLMWEVFTEGKMPFENKSNLQVVEAISEGFRLYRPHLAPMSIYEVMYSCWHEKPEGRPTFAELLRAVTEIAETW,TXK_HUMAN,271-527,TXK,Tyrosine-protein kinase TXK,Protein kinase,human
84,TYK2_HUMAN_D0,ITQLSHLGQGTRTNVYEGRLRVEGSGDPEEGKMDDEDPLVPGRDRGQELRVVLKVLDPSHHDIALAFYETASLMSQVSHTHLAFVHGVCVRGPENIMVTEYVEHGPLDVWLRRERGHVPMAWKMVVAQQLASALSYLENKNLVHGNVCGRNILLARLGLAEGTSPFIKLSDPGVGLGALSREERVERIPWLAPECLPGGANSLSTAMDKWGFGATLLEICFDGEAPLQSRSPSEKEHFYQRQHRLPEPSCPQLATLTSQCLTYEPTQRPSFRTILRDLTRLQPHNLA,TYK2_HUMAN,589-875,TYK2,Non-receptor tyrosine-protein kinase TYK2,Protein kinase 1,human
85,TYK2_HUMAN_D1,LKKIRDLGEGHFGKVSLYCYDPTNDGTGEMVAVKALKADCGPQHRSGWKQEIDILRTLYHEHIIKYKGCCEDQGEKSLQLVMEYVPLGSLRDYLPRHSIGLAQLLLFAQQICEGMAYLHAQHYIHRDLAARNVLLDNDRLVKIGDFGLAKAVPEGHEYYRVREDGDSPVFWYAPECLKEYKFYYASDVWSFGVTLYELLTHCDSSQSPPTKFLELIGIAQGQMTVLRLTELLERGERLPRPDKCPCEVYHLMKNCWETEASFRPTFENLIPILKTVHEKY,TYK2_HUMAN,897-1176,TYK2,Non-receptor tyrosine-protein kinase TYK2,Protein kinase 2,human
86,TYRO3_HUMAN_D0,FTLGRMLGKGEFGSVREAQLKQEDGSFVKVAVKMLKADIIASSDIEEFLREAACMKEFDHPHVAKLVGVSLRSRAKGRLPIPMVILPFMKHGDLHAFLLASRIGENPFNLPLQTLIRFMVDIACGMEYLSSRNFIHRDLAARNCMLAEDMTVCVADFGLSRKIYSGDYYRQGCASKLPVKWLALESLADNLYTVQSDVWAFGVTMWEIMTRGQTPYAGIENAEIYNYLIGGNRLKQPPECMEDVYDLMYQCWSADPKQRPSFTCLRMELENIL,TYRO3_HUMAN,518-790,TYRO3,Tyrosine-protein kinase receptor TYRO3,Protein kinase,human
87,UFO_HUMAN_D0,VALGKTLGEGEFGAVMEGQLNQDDSILKVAVKTMKIAICTRSELEDFLSEAVCMKEFDHPNVMRLIGVCFQGSERESFPAPVVILPFMKHGDLHSFLLYSRLGDQPVYLPTQMLVKFMADIASGMEYLSTKRFIHRDLAARNCMLNENMSVCVADFGLSKKIYNGDYYRQGRIAKMPVKWIAIESLADRVYTSKSDVWSFGVTMWEIATRGQTPYPGVENSEIYDYLRQGNRLKQPADCLDGLYALMSRCWELNPQDRPSFTELREDLENTL,UFO_HUMAN,536-807,AXL,Tyrosine-protein kinase receptor UFO,Protein kinase,human
88,VGFR1_HUMAN_D0,LKLGKSLGRGAFGKVVQASAFGIKKSPTCRTVAVKMLKEGATASEYKALMTELKILTHIGHHLNVVNLLGACTKQGGPLMVIVEYCKYGNLSNYLKSKRDLFFLNKDAALHMEPKKEKMEPGLEQGKKPRLDSVTSSESFASSGFQEDKSLSDVEEEEDSDGFYKEPITMEDLISYSFQVARGMEFLSSRKCIHRDLAARNILLSENNVVKICDFGLARDIYKNPDYVRKGDTRLPLKWMAPESIFDKIYSTKSDVWSYGVLLWEIFSLGGSPYPGVQMDEDFCSRLREGMRMRAPEYSTPEIYQIMLDCWHRDPKERPRFAELVEKLGDLL,VGFR1_HUMAN,827-1158,FLT1,Vascular endothelial growth factor receptor 1,Protein kinase,human
89,VGFR2_HUMAN_D0,LKLGKPLGRGAFGQVIEADAFGIDKTATCRTVAVKMLKEGATHSEHRALMSELKILIHIGHHLNVVNLLGACTKPGGPLMVIVEFCKFGNLSTYLRSKRNEFVPYKTKGARFRQGKDYVGAIPVDLKRRLDSITSSQSSASSGFVEEKSLSDVEEEEAPEDLYKDFLTLEHLICYSFQVAKGMEFLASRKCIHRDLAARNILLSEKNVVKICDFGLARDIYKDPDYVRKGDARLPLKWMAPETIFDRVYTIQSDVWSFGVLLWEIFSLGASPYPGVKIDEEFCRRLKEGTRMRAPDYTTPEMYQTMLDCWHGEPSQRPTFSELVEHLGN,VGFR2_HUMAN,834-1162,KDR,Vascular endothelial growth factor receptor 2,Protein kinase,human
90,VGFR3_HUMAN_D0,LHLGRVLGYGAFGKVVEASAFGIHKGSSCDTVAVKMLKEGATASEHRALMSELKILIHIGNHLNVVNLLGACTKPQGPLMVIVEFCKYGNLSNFLRAKRDAFSPCAEKSPEQRGRFRAMVELARLDRRRPGSSDRVLFARFSKTEGGARRASPDQEAEDLWLSPLTMEDLVCYSFQVARGMEFLASRKCIHRDLAARNILLSESDVVKICDFGLARDIYKDPDYVRKGSARLPLKWMAPESIFDKVYTTQSDVWSFGVLLWEIFSLGASPYPGVQINEEFCQRLRDGTRMRAPELATPAIRRIMLNCWSGDPKARPAFSELVEILGDLL,VGFR3_HUMAN,845-1173,FLT4,Vascular endothelial growth factor receptor 3,Protein kinase,human
91,YES_HUMAN_D0,LRLEVKLGQGCFGEVWMGTWNGTTKVAIKTLKPGTMMPEAFLQEAQIMKKLRHDKLVPLYAVVSEEPIYIVTEFMSKGSLLDFLKEGDGKYLKLPQLVDMAAQIADGMAYIERMNYIHRDLRAANILVGENLVCKIADFGLARLIEDNEYTARQGAKFPIKWTAPEAALYGRFTIKSDVWSFGILQTELVTKGRVPYPGMVNREVLEQVERGYRMPCPQGCPESLHELMNLCWKKDPDERPTFEYIQSFLEDYF,YES_HUMAN,277-530,YES1,Tyrosine-protein kinase Yes,Protein kinase,human
92,ZAP70_HUMAN_D0,LIADIELGCGNFGSVRQGVYRMRKKQIDVAIKVLKQGTEKADTEEMMREAQIMHQLDNPYIVRLIGVCQAEALMLVMEMAGGGPLHKFLVGKREEIPVSNVAELLHQVSMGMKYLEEKNFVHRDLAARNVLLVNRHYAKISDFGLSKALGADDSYYTARSAGKWPLKWYAPECINFRKFSSRSDVWSYGVTMWEALSYGQKPYKKMKGPEVMAFIEQGKRMECPPECPPELYALMSDCWIYKWEDRPDFLTVEQRMRACYYSL,ZAP70_HUMAN,338-600,ZAP70,Tyrosine-protein kinase ZAP-70,Protein kinase,human
